Year,type,Category,Dollars,Category_name
1998,rev,02,6846.82673814,Individual Income Taxes
1998,rev,03,1860.32232311,Corporate Income Taxes
1998,rev,06,7198.4008548,Sales Taxes
1998,rev,09,1300.65798379,Motor Fuel Tax
1998,rev,12,1193.32776505,Public Utility Taxes
1998,rev,15,464.24209418,Cigarette Taxes
1998,rev,18,57.033945530000004,Liquor Gallonage Taxes
1998,rev,21,250.43418059,Inheritance Tax
1998,rev,24,132.33733757,Insurance Taxes&Fees&Licenses
1998,rev,27,122.77171484,Corp Franchise Taxes & Fees
1998,rev,30,42.82760159,Horse Racing Taxes & Fees
1998,rev,31,543.15383701,Medical Provider Assessments
1998,rev,33,834.69492952,Lottery Receipts
1998,rev,35,244.68487256999998,Other Taxes
1998,rev,36,727.72515399,Receipts From Revenue Producing
1998,rev,39,304.80131432,"Licenses, Fees & Registrations"
1998,rev,42,747.43720951,Motor Vehicle And Operators
1998,rev,48,210.49650906,Riverboat Wagering Taxes
1998,rev,54,138.10764785,Gifts And Bequests
1998,rev,57,3747.77919652,Federal Other
1998,rev,58,3339.058569,Federal Medicaid
1998,rev,59,835.15853064,Federal Transportation
1998,rev,60,2.73917896,Other Grants And Contracts
1998,rev,63,277.61175141,Investment Income
1998,rev,78,607.8167074099999,All Other Sources
1999,rev,02,7225.76358578,Individual Income Taxes
1999,rev,03,1854.8882219399998,Corporate Income Taxes
1999,rev,06,7646.72795974,Sales Taxes
1999,rev,09,1328.7993239099999,Motor Fuel Tax
1999,rev,12,1423.40239839,Public Utility Taxes
1999,rev,15,499.05601972,Cigarette Taxes
1999,rev,18,57.23468337,Liquor Gallonage Taxes
1999,rev,21,346.97772513,Inheritance Tax
1999,rev,24,248.56499406,Insurance Taxes&Fees&Licenses
1999,rev,27,121.34756702000001,Corp Franchise Taxes & Fees
1999,rev,30,41.640031549999996,Horse Racing Taxes & Fees
1999,rev,31,548.5762785,Medical Provider Assessments
1999,rev,33,844.8850225900001,Lottery Receipts
1999,rev,35,268.88842042,Other Taxes
1999,rev,36,715.98572279,Receipts From Revenue Producing
1999,rev,39,328.44941536,"Licenses, Fees & Registrations"
1999,rev,42,773.00301611,Motor Vehicle And Operators
1999,rev,48,309.82945875999997,Riverboat Wagering Taxes
1999,rev,54,157.97435822999998,Gifts And Bequests
1999,rev,57,3924.44471575,Federal Other
1999,rev,58,3599.680071,Federal Medicaid
1999,rev,59,725.98535545,Federal Transportation
1999,rev,60,2.53047152,Other Grants And Contracts
1999,rev,63,306.53295303999994,Investment Income
1999,rev,78,664.49139278,All Other Sources
2000,rev,02,7685.810654739999,Individual Income Taxes
2000,rev,03,2067.90734966,Corporate Income Taxes
2000,rev,06,8218.14786839,Sales Taxes
2000,rev,09,1356.2829962399999,Motor Fuel Tax
2000,rev,12,1524.36904966,Public Utility Taxes
2000,rev,15,467.34953768,Cigarette Taxes
2000,rev,18,127.86823993,Liquor Gallonage Taxes
2000,rev,21,348.00884343,Inheritance Tax
2000,rev,24,267.60997482,Insurance Taxes&Fees&Licenses
2000,rev,27,143.9241533,Corp Franchise Taxes & Fees
2000,rev,30,22.58485344,Horse Racing Taxes & Fees
2000,rev,31,649.1760273,Medical Provider Assessments
2000,rev,33,814.2805805700001,Lottery Receipts
2000,rev,35,275.44702110000003,Other Taxes
2000,rev,36,736.81247463,Receipts From Revenue Producing
2000,rev,39,402.69867629000004,"Licenses, Fees & Registrations"
2000,rev,42,973.43027835,Motor Vehicle And Operators
2000,rev,48,435.97841569999997,Riverboat Wagering Taxes
2000,rev,54,180.34686223999998,Gifts And Bequests
2000,rev,57,4232.71491712,Federal Other
2000,rev,58,3763.4157959999998,Federal Medicaid
2000,rev,59,927.46996978,Federal Transportation
2000,rev,60,2.9199970299999998,Other Grants And Contracts
2000,rev,63,349.50796537,Investment Income
2000,rev,78,1077.38749784,All Other Sources
2001,rev,02,7995.794037199999,Individual Income Taxes
2001,rev,03,1789.67247863,Corporate Income Taxes
2001,rev,06,8175.164488689999,Sales Taxes
2001,rev,09,1366.56332475,Motor Fuel Tax
2001,rev,12,1605.87778177,Public Utility Taxes
2001,rev,15,472.6152376,Cigarette Taxes
2001,rev,18,124.31482256999999,Liquor Gallonage Taxes
2001,rev,21,361.03876561000004,Inheritance Tax
2001,rev,24,298.24655809999996,Insurance Taxes&Fees&Licenses
2001,rev,27,150.68925959999999,Corp Franchise Taxes & Fees
2001,rev,30,12.82682409,Horse Racing Taxes & Fees
2001,rev,31,678.1500717,Medical Provider Assessments
2001,rev,33,765.0459256900001,Lottery Receipts
2001,rev,35,281.55455493,Other Taxes
2001,rev,36,743.05298839,Receipts From Revenue Producing
2001,rev,39,526.65658306,"Licenses, Fees & Registrations"
2001,rev,42,1134.5203038999998,Motor Vehicle And Operators
2001,rev,48,490.70986486000004,Riverboat Wagering Taxes
2001,rev,54,202.979996,Gifts And Bequests
2001,rev,57,4309.87224624,Federal Other
2001,rev,58,4355.735472,Federal Medicaid
2001,rev,59,1019.2127170499999,Federal Transportation
2001,rev,60,3.08349373,Other Grants And Contracts
2001,rev,63,425.44721466000004,Investment Income
2001,rev,78,997.64911634,All Other Sources
2002,rev,02,7471.385042089999,Individual Income Taxes
2002,rev,03,1383.8216876600002,Corporate Income Taxes
2002,rev,06,8279.1115143,Sales Taxes
2002,rev,09,1373.52166662,Motor Fuel Tax
2002,rev,12,1568.09848238,Public Utility Taxes
2002,rev,15,468.77614148000004,Cigarette Taxes
2002,rev,18,122.00049128,Liquor Gallonage Taxes
2002,rev,21,329.16753178,Inheritance Tax
2002,rev,24,322.84128252,Insurance Taxes&Fees&Licenses
2002,rev,27,165.30385429,Corp Franchise Taxes & Fees
2002,rev,30,12.59532069,Horse Racing Taxes & Fees
2002,rev,31,655.9115494,Medical Provider Assessments
2002,rev,33,825.54162247,Lottery Receipts
2002,rev,35,277.98584837,Other Taxes
2002,rev,36,749.83969558,Receipts From Revenue Producing
2002,rev,39,554.1946707999999,"Licenses, Fees & Registrations"
2002,rev,42,1177.66339353,Motor Vehicle And Operators
2002,rev,48,540.31126469,Riverboat Wagering Taxes
2002,rev,54,250.13616222,Gifts And Bequests
2002,rev,57,4578.864234029999,Federal Other
2002,rev,58,4484.163175,Federal Medicaid
2002,rev,59,995.88892412,Federal Transportation
2002,rev,60,3.3891778200000005,Other Grants And Contracts
2002,rev,63,220.98766227000002,Investment Income
2002,rev,78,1110.85673077,All Other Sources
2003,rev,02,7340.981842110001,Individual Income Taxes
2003,rev,03,1293.18682284,Corporate Income Taxes
2003,rev,06,8227.82825575,Sales Taxes
2003,rev,09,1388.31567453,Motor Fuel Tax
2003,rev,12,1439.25176115,Public Utility Taxes
2003,rev,15,699.75122168,Cigarette Taxes
2003,rev,18,122.76700165999999,Liquor Gallonage Taxes
2003,rev,21,236.94978894,Inheritance Tax
2003,rev,24,372.04686740999995,Insurance Taxes&Fees&Licenses
2003,rev,27,147.42889426,Corp Franchise Taxes & Fees
2003,rev,30,11.91567214,Horse Racing Taxes & Fees
2003,rev,31,817.97644467,Medical Provider Assessments
2003,rev,33,817.04459676,Lottery Receipts
2003,rev,35,270.58786147,Other Taxes
2003,rev,36,742.14375061,Receipts From Revenue Producing
2003,rev,39,553.76076774,"Licenses, Fees & Registrations"
2003,rev,42,1107.27569317,Motor Vehicle And Operators
2003,rev,48,615.99417109,Riverboat Wagering Taxes
2003,rev,54,351.07418306,Gifts And Bequests
2003,rev,57,5012.4304522,Federal Other
2003,rev,58,4673.565524,Federal Medicaid
2003,rev,59,846.3241898499999,Federal Transportation
2003,rev,60,3.92775617,Other Grants And Contracts
2003,rev,63,114.12964489,Investment Income
2003,rev,78,1246.1097014000002,All Other Sources
2004,rev,02,7272.4879706599995,Individual Income Taxes
2004,rev,03,1596.45327886,Corporate Income Taxes
2004,rev,06,8636.674562870001,Sales Taxes
2004,rev,09,1423.88421109,Motor Fuel Tax
2004,rev,12,1536.12153248,Public Utility Taxes
2004,rev,15,760.22728436,Cigarette Taxes
2004,rev,18,126.7708251,Liquor Gallonage Taxes
2004,rev,21,221.72264338,Inheritance Tax
2004,rev,24,473.21365608,Insurance Taxes&Fees&Licenses
2004,rev,27,169.40772086,Corp Franchise Taxes & Fees
2004,rev,30,12.03978776,Horse Racing Taxes & Fees
2004,rev,31,901.1003701000001,Medical Provider Assessments
2004,rev,33,879.90447738,Lottery Receipts
2004,rev,35,297.92969758,Other Taxes
2004,rev,36,866.08120676,Receipts From Revenue Producing
2004,rev,39,812.37250069,"Licenses, Fees & Registrations"
2004,rev,42,1161.74228229,Motor Vehicle And Operators
2004,rev,48,708.20930996,Riverboat Wagering Taxes
2004,rev,54,538.6649821799999,Gifts And Bequests
2004,rev,57,5565.79542783,Federal Other
2004,rev,58,6359.505718,Federal Medicaid
2004,rev,59,998.6016088800001,Federal Transportation
2004,rev,60,4.83449371,Other Grants And Contracts
2004,rev,63,91.83820241,Investment Income
2004,rev,78,1196.3071316499997,All Other Sources
2005,rev,02,7978.77951184,Individual Income Taxes
2005,rev,03,1971.81427329,Corporate Income Taxes
2005,rev,06,8980.95868171,Sales Taxes
2005,rev,09,1434.5949535299999,Motor Fuel Tax
2005,rev,12,1501.03244609,Public Utility Taxes
2005,rev,15,656.4726572000001,Cigarette Taxes
2005,rev,18,147.23757933000002,Liquor Gallonage Taxes
2005,rev,21,310.42024127,Inheritance Tax
2005,rev,24,434.43672987,Insurance Taxes&Fees&Licenses
2005,rev,27,189.70325174,Corp Franchise Taxes & Fees
2005,rev,30,11.653864449999999,Horse Racing Taxes & Fees
2005,rev,31,1601.3355031800002,Medical Provider Assessments
2005,rev,33,903.4690904,Lottery Receipts
2005,rev,35,320.49174826999996,Other Taxes
2005,rev,36,823.60362002,Receipts From Revenue Producing
2005,rev,39,875.9697850900001,"Licenses, Fees & Registrations"
2005,rev,42,1168.75717146,Motor Vehicle And Operators
2005,rev,48,751.66480425,Riverboat Wagering Taxes
2005,rev,54,627.4336855299999,Gifts And Bequests
2005,rev,57,5313.030271930001,Federal Other
2005,rev,58,5853.287827,Federal Medicaid
2005,rev,59,1001.76890581,Federal Transportation
2005,rev,60,0.57045753,Other Grants And Contracts
2005,rev,63,129.65268740000002,Investment Income
2005,rev,78,1318.06831904,All Other Sources
2006,rev,02,8635.104331780001,Individual Income Taxes
2006,rev,03,2400.2686173800003,Corporate Income Taxes
2006,rev,06,9638.33434263,Sales Taxes
2006,rev,09,1446.0673123600002,Motor Fuel Tax
2006,rev,12,1549.56316699,Public Utility Taxes
2006,rev,15,640.3340616900001,Cigarette Taxes
2006,rev,18,152.29980713999998,Liquor Gallonage Taxes
2006,rev,21,271.86364276999996,Inheritance Tax
2006,rev,24,404.43327568,Insurance Taxes&Fees&Licenses
2006,rev,27,189.12766363,Corp Franchise Taxes & Fees
2006,rev,30,10.54572359,Horse Racing Taxes & Fees
2006,rev,31,889.6801049400001,Medical Provider Assessments
2006,rev,33,981.06350821,Lottery Receipts
2006,rev,35,351.27913651,Other Taxes
2006,rev,36,878.30287548,Receipts From Revenue Producing
2006,rev,39,808.43597915,"Licenses, Fees & Registrations"
2006,rev,42,1295.8877350999999,Motor Vehicle And Operators
2006,rev,48,766.52790823,Riverboat Wagering Taxes
2006,rev,54,728.4933847,Gifts And Bequests
2006,rev,57,5210.83298897,Federal Other
2006,rev,58,5996.508283939999,Federal Medicaid
2006,rev,59,1141.15335209,Federal Transportation
2006,rev,60,0.554377,Other Grants And Contracts
2006,rev,63,272.23391531,Investment Income
2006,rev,78,1510.78581178,All Other Sources
2007,rev,02,9408.43655743,Individual Income Taxes
2007,rev,03,2936.35811472,Corporate Income Taxes
2007,rev,06,9785.236293709999,Sales Taxes
2007,rev,09,1453.70669718,Motor Fuel Tax
2007,rev,12,1604.1786106,Public Utility Taxes
2007,rev,15,638.7958567200001,Cigarette Taxes
2007,rev,18,155.68040566,Liquor Gallonage Taxes
2007,rev,21,264.3953763,Inheritance Tax
2007,rev,24,408.57305313,Insurance Taxes&Fees&Licenses
2007,rev,27,201.36560369,Corp Franchise Taxes & Fees
2007,rev,30,8.51208188,Horse Racing Taxes & Fees
2007,rev,31,1528.86352527,Medical Provider Assessments
2007,rev,33,956.90566545,Lottery Receipts
2007,rev,35,354.17719953,Other Taxes
2007,rev,36,1108.44483147,Receipts From Revenue Producing
2007,rev,39,794.3925912000001,"Licenses, Fees & Registrations"
2007,rev,42,1288.0728796699998,Motor Vehicle And Operators
2007,rev,48,763.91749265,Riverboat Wagering Taxes
2007,rev,54,401.66252983,Gifts And Bequests
2007,rev,57,5523.92406363,Federal Other
2007,rev,58,6420.81657125,Federal Medicaid
2007,rev,59,1159.12136956,Federal Transportation
2007,rev,60,1.079162,Other Grants And Contracts
2007,rev,63,379.06716245,Investment Income
2007,rev,78,1948.66859339,All Other Sources
2008,rev,02,10320.239473459998,Individual Income Taxes
2008,rev,03,3115.60429312,Corporate Income Taxes
2008,rev,06,9993.849863950001,Sales Taxes
2008,rev,09,1334.6642577,Motor Fuel Tax
2008,rev,12,1635.5312374100001,Public Utility Taxes
2008,rev,15,613.65044847,Cigarette Taxes
2008,rev,18,158.06612816999998,Liquor Gallonage Taxes
2008,rev,21,372.79753415000005,Inheritance Tax
2008,rev,24,400.99190782,Insurance Taxes&Fees&Licenses
2008,rev,27,234.49218889,Corp Franchise Taxes & Fees
2008,rev,30,8.360460940000001,Horse Racing Taxes & Fees
2008,rev,31,2189.18955154,Medical Provider Assessments
2008,rev,33,991.73254493,Lottery Receipts
2008,rev,35,345.67231580000004,Other Taxes
2008,rev,36,910.89907023,Receipts From Revenue Producing
2008,rev,39,835.74432448,"Licenses, Fees & Registrations"
2008,rev,42,1301.54455822,Motor Vehicle And Operators
2008,rev,48,639.86511133,Riverboat Wagering Taxes
2008,rev,54,428.39486643,Gifts And Bequests
2008,rev,57,5424.68992493,Federal Other
2008,rev,58,6888.9042975,Federal Medicaid
2008,rev,59,1366.73868044,Federal Transportation
2008,rev,60,1.04265826,Other Grants And Contracts
2008,rev,63,368.36353403000004,Investment Income
2008,rev,78,1761.5002175999998,All Other Sources
2009,rev,02,9223.00273601,Individual Income Taxes
2009,rev,03,2752.35222083,Corporate Income Taxes
2009,rev,06,9298.43626611,Sales Taxes
2009,rev,09,1467.40196099,Motor Fuel Tax
2009,rev,12,1666.68127417,Public Utility Taxes
2009,rev,15,582.3265889099999,Cigarette Taxes
2009,rev,18,157.62122275,Liquor Gallonage Taxes
2009,rev,21,287.73938696,Inheritance Tax
2009,rev,24,439.95629784,Insurance Taxes&Fees&Licenses
2009,rev,27,209.82929520999997,Corp Franchise Taxes & Fees
2009,rev,30,6.87472118,Horse Racing Taxes & Fees
2009,rev,31,1723.94564901,Medical Provider Assessments
2009,rev,33,988.5008575500001,Lottery Receipts
2009,rev,35,288.00928905,Other Taxes
2009,rev,36,876.78650939,Receipts From Revenue Producing
2009,rev,39,756.76038089,"Licenses, Fees & Registrations"
2009,rev,42,1302.28596386,Motor Vehicle And Operators
2009,rev,48,506.89941830000004,Riverboat Wagering Taxes
2009,rev,54,488.73209999,Gifts And Bequests
2009,rev,57,7950.31733342,Federal Other
2009,rev,58,7043.2293705,Federal Medicaid
2009,rev,59,1383.9407853500002,Federal Transportation
2009,rev,60,0.8421965,Other Grants And Contracts
2009,rev,63,153.96552204,Investment Income
2009,rev,78,1909.82554658,All Other Sources
2010,rev,02,8510.42027171,Individual Income Taxes
2010,rev,03,2195.77825294,Corporate Income Taxes
2010,rev,06,8789.064695,Sales Taxes
2010,rev,09,1339.2278266199999,Motor Fuel Tax
2010,rev,12,1571.65448305,Public Utility Taxes
2010,rev,15,581.81664598,Cigarette Taxes
2010,rev,18,175.85254150999998,Liquor Gallonage Taxes
2010,rev,21,243.37897847,Inheritance Tax
2010,rev,24,426.10080383999997,Insurance Taxes&Fees&Licenses
2010,rev,27,216.44339845,Corp Franchise Taxes & Fees
2010,rev,30,7.034094280000001,Horse Racing Taxes & Fees
2010,rev,31,1574.87157598,Medical Provider Assessments
2010,rev,33,1070.52556385,Lottery Receipts
2010,rev,35,259.53098586,Other Taxes
2010,rev,36,886.53099724,Receipts From Revenue Producing
2010,rev,39,830.5223332999999,"Licenses, Fees & Registrations"
2010,rev,42,1369.98969485,Motor Vehicle And Operators
2010,rev,48,442.01775380000004,Riverboat Wagering Taxes
2010,rev,54,560.36136551,Gifts And Bequests
2010,rev,57,9052.4480031,Federal Other
2010,rev,58,7326.5334165,Federal Medicaid
2010,rev,59,1885.4697107199997,Federal Transportation
2010,rev,60,0.5242185,Other Grants And Contracts
2010,rev,63,46.1268782,Investment Income
2010,rev,78,1834.78544102,All Other Sources
2011,rev,02,11225.36990458,Individual Income Taxes
2011,rev,03,2986.4393471,Corporate Income Taxes
2011,rev,06,9513.531541879998,Sales Taxes
2011,rev,09,1314.2344447799999,Motor Fuel Tax
2011,rev,12,1624.16839028,Public Utility Taxes
2011,rev,15,588.26663329,Cigarette Taxes
2011,rev,18,182.26071769,Liquor Gallonage Taxes
2011,rev,21,122.24361025,Inheritance Tax
2011,rev,24,423.71931073,Insurance Taxes&Fees&Licenses
2011,rev,27,215.04237085999998,Corp Franchise Taxes & Fees
2011,rev,30,6.74735692,Horse Racing Taxes & Fees
2011,rev,31,1634.99420377,Medical Provider Assessments
2011,rev,33,1091.02120474,Lottery Receipts
2011,rev,35,282.21145687,Other Taxes
2011,rev,36,1324.59909719,Receipts From Revenue Producing
2011,rev,39,866.02642368,"Licenses, Fees & Registrations"
2011,rev,42,1493.52598723,Motor Vehicle And Operators
2011,rev,48,443.1811121,Riverboat Wagering Taxes
2011,rev,54,912.7283426900001,Gifts And Bequests
2011,rev,57,8378.65026943,Federal Other
2011,rev,58,8124.2366335,Federal Medicaid
2011,rev,59,1915.92925921,Federal Transportation
2011,rev,60,0.72290929,Other Grants And Contracts
2011,rev,63,49.66214736,Investment Income
2011,rev,78,1584.4374104400001,All Other Sources
2012,rev,02,15512.31094107,Individual Income Taxes
2012,rev,03,3481.99458938,Corporate Income Taxes
2012,rev,06,10002.663751850001,Sales Taxes
2012,rev,09,1290.26487252,Motor Fuel Tax
2012,rev,12,1480.6875609400001,Public Utility Taxes
2012,rev,15,606.42173985,Cigarette Taxes
2012,rev,18,279.2704248,Liquor Gallonage Taxes
2012,rev,21,234.86387926,Inheritance Tax
2012,rev,24,445.02615015,Insurance Taxes&Fees&Licenses
2012,rev,27,199.60711452,Corp Franchise Taxes & Fees
2012,rev,30,7.232797150000001,Horse Racing Taxes & Fees
2012,rev,31,1677.44122206,Medical Provider Assessments
2012,rev,33,1272.6934683600002,Lottery Receipts
2012,rev,35,301.34119189,Other Taxes
2012,rev,36,1693.62570774,Receipts From Revenue Producing
2012,rev,39,1026.86842061,"Licenses, Fees & Registrations"
2012,rev,42,1497.9516536800002,Motor Vehicle And Operators
2012,rev,48,490.83917472,Riverboat Wagering Taxes
2012,rev,54,673.91949959,Gifts And Bequests
2012,rev,57,6413.799999,Federal Other
2012,rev,58,6528.295469,Federal Medicaid
2012,rev,59,1844.5266901199998,Federal Transportation
2012,rev,60,1.70109,Other Grants And Contracts
2012,rev,63,42.33931183999999,Investment Income
2012,rev,78,1416.5636424900001,All Other Sources
2013,rev,02,16538.66052816,Individual Income Taxes
2013,rev,03,4448.32565034,Corporate Income Taxes
2013,rev,06,10235.63980828,Sales Taxes
2013,rev,09,1259.83230611,Motor Fuel Tax
2013,rev,12,1506.93880722,Public Utility Taxes
2013,rev,15,856.33797262,Cigarette Taxes
2013,rev,18,279.92998955,Liquor Gallonage Taxes
2013,rev,21,293.32097336000004,Inheritance Tax
2013,rev,24,455.4075812,Insurance Taxes&Fees&Licenses
2013,rev,27,212.87555718000002,Corp Franchise Taxes & Fees
2013,rev,30,6.01207831,Horse Racing Taxes & Fees
2013,rev,31,1656.30021243,Medical Provider Assessments
2013,rev,33,1379.16294346,Lottery Receipts
2013,rev,35,355.51030010000005,Other Taxes
2013,rev,36,1985.9642045399999,Receipts From Revenue Producing
2013,rev,39,1131.23333676,"Licenses, Fees & Registrations"
2013,rev,42,1462.17352145,Motor Vehicle And Operators
2013,rev,48,515.70926705,Riverboat Wagering Taxes
2013,rev,54,780.08431341,Gifts And Bequests
2013,rev,57,6268.954413840001,Federal Other
2013,rev,58,8285.53164422,Federal Medicaid
2013,rev,59,1704.99158732,Federal Transportation
2013,rev,60,0.971,Other Grants And Contracts
2013,rev,63,37.324573969999996,Investment Income
2013,rev,78,1444.56672267,All Other Sources
2014,rev,02,16642.15521835,Individual Income Taxes
2014,rev,03,4435.27847708,Corporate Income Taxes
2014,rev,06,10654.34650818,Sales Taxes
2014,rev,09,1293.96777059,Motor Fuel Tax
2014,rev,12,1454.4996584100002,Public Utility Taxes
2014,rev,15,859.86593195,Cigarette Taxes
2014,rev,18,279.58717856,Liquor Gallonage Taxes
2014,rev,21,276.48907355,Inheritance Tax
2014,rev,24,456.13464886,Insurance Taxes&Fees&Licenses
2014,rev,27,211.14443114,Corp Franchise Taxes & Fees
2014,rev,30,6.88348314,Horse Racing Taxes & Fees
2014,rev,31,2413.0468030399998,Medical Provider Assessments
2014,rev,33,1334.94659297,Lottery Receipts
2014,rev,35,473.47030938,Other Taxes
2014,rev,36,1958.5712693399998,Receipts From Revenue Producing
2014,rev,39,1191.35281353,"Licenses, Fees & Registrations"
2014,rev,42,1510.80157434,Motor Vehicle And Operators
2014,rev,48,477.36714304000003,Riverboat Wagering Taxes
2014,rev,54,597.0448476,Gifts And Bequests
2014,rev,57,6462.11660582,Federal Other
2014,rev,58,8878.0439977,Federal Medicaid
2014,rev,59,1738.3332169,Federal Transportation
2014,rev,60,0.125,Other Grants And Contracts
2014,rev,63,51.52815639,Investment Income
2014,rev,78,1611.95520299,All Other Sources
2015,rev,02,15913.81619089,Individual Income Taxes
2015,rev,03,4054.26679995,Corporate Income Taxes
2015,rev,06,11148.458136770001,Sales Taxes
2015,rev,09,1293.27247004,Motor Fuel Tax
2015,rev,12,1475.6799219700001,Public Utility Taxes
2015,rev,15,861.95373109,Cigarette Taxes
2015,rev,18,283.17717977999996,Liquor Gallonage Taxes
2015,rev,21,333.29526236000004,Inheritance Tax
2015,rev,24,469.34860851999997,Insurance Taxes&Fees&Licenses
2015,rev,27,219.3942276,Corp Franchise Taxes & Fees
2015,rev,30,6.70416816,Horse Racing Taxes & Fees
2015,rev,31,1961.2767806099998,Medical Provider Assessments
2015,rev,33,1261.4795070599998,Lottery Receipts
2015,rev,35,614.32460671,Other Taxes
2015,rev,36,2116.04300415,Receipts From Revenue Producing
2015,rev,39,1223.01810292,"Licenses, Fees & Registrations"
2015,rev,42,1539.2705857,Motor Vehicle And Operators
2015,rev,48,466.24060280000003,Riverboat Wagering Taxes
2015,rev,54,699.82297333,Gifts And Bequests
2015,rev,57,6212.42931371,Federal Other
2015,rev,58,10491.23628361,Federal Medicaid
2015,rev,59,2030.9343196999998,Federal Transportation
2015,rev,60,0.408668,Other Grants And Contracts
2015,rev,63,52.441473020000004,Investment Income
2015,rev,78,1861.50326144,All Other Sources
2016,rev,02,13806.52578659,Individual Income Taxes
2016,rev,03,3191.53209179,Corporate Income Taxes
2016,rev,06,11307.085201459999,Sales Taxes
2016,rev,09,1354.03965081,Motor Fuel Tax
2016,rev,12,1405.6592386099999,Public Utility Taxes
2016,rev,15,844.92884975,Cigarette Taxes
2016,rev,18,287.86510453,Liquor Gallonage Taxes
2016,rev,21,305.71692877,Inheritance Tax
2016,rev,24,521.7902616,Insurance Taxes&Fees&Licenses
2016,rev,27,215.66423860000003,Corp Franchise Taxes & Fees
2016,rev,30,6.7831282,Horse Racing Taxes & Fees
2016,rev,31,1951.69786961,Medical Provider Assessments
2016,rev,33,1303.3672075,Lottery Receipts
2016,rev,35,695.18981791,Other Taxes
2016,rev,36,2196.9813344300005,Receipts From Revenue Producing
2016,rev,39,1219.59435332,"Licenses, Fees & Registrations"
2016,rev,42,1551.97597525,Motor Vehicle And Operators
2016,rev,48,442.75664284,Riverboat Wagering Taxes
2016,rev,54,937.0537914600001,Gifts And Bequests
2016,rev,57,5904.40240104,Federal Other
2016,rev,58,11246.69538979,Federal Medicaid
2016,rev,59,1845.4318384399999,Federal Transportation
2016,rev,60,1.18068704,Other Grants And Contracts
2016,rev,63,54.067659490000004,Investment Income
2016,rev,78,1556.6013524300001,All Other Sources
2017,rev,02,13661.74562027,Individual Income Taxes
2017,rev,03,2747.17070156,Corporate Income Taxes
2017,rev,06,11384.59206293,Sales Taxes
2017,rev,09,1348.41448643,Motor Fuel Tax
2017,rev,12,1396.15754275,Public Utility Taxes
2017,rev,15,781.52928651,Cigarette Taxes
2017,rev,18,294.30435236,Liquor Gallonage Taxes
2017,rev,21,261.26378122,Inheritance Tax
2017,rev,24,532.284727,Insurance Taxes&Fees&Licenses
2017,rev,27,215.13147254000003,Corp Franchise Taxes & Fees
2017,rev,30,6.57429933,Horse Racing Taxes & Fees
2017,rev,31,2137.62069041,Medical Provider Assessments
2017,rev,33,1244.41732542,Lottery Receipts
2017,rev,35,755.64697571,Other Taxes
2017,rev,36,2221.40704684,Receipts From Revenue Producing
2017,rev,39,1206.93901892,"Licenses, Fees & Registrations"
2017,rev,42,1585.4487883699999,Motor Vehicle And Operators
2017,rev,48,439.52856610000003,Riverboat Wagering Taxes
2017,rev,54,1127.6678003499999,Gifts And Bequests
2017,rev,57,5933.826931510001,Federal Other
2017,rev,58,10448.32276429,Federal Medicaid
2017,rev,59,2105.46272011,Federal Transportation
2017,rev,60,0.15165196,Other Grants And Contracts
2017,rev,63,88.850989,Investment Income
2017,rev,78,1735.6083388299999,All Other Sources
2018,rev,02,18748.04399713,Individual Income Taxes
2018,rev,03,3452.1671297400003,Corporate Income Taxes
2018,rev,06,11744.817931619998,Sales Taxes
2018,rev,09,1367.9394468200003,Motor Fuel Tax
2018,rev,12,1431.4115712799999,Public Utility Taxes
2018,rev,15,764.29479104,Cigarette Taxes
2018,rev,18,296.16253167,Liquor Gallonage Taxes
2018,rev,21,358.10847749,Inheritance Tax
2018,rev,24,563.47811176,Insurance Taxes&Fees&Licenses
2018,rev,27,215.84464005999996,Corp Franchise Taxes & Fees
2018,rev,30,6.83977798,Horse Racing Taxes & Fees
2018,rev,31,2204.52808119,Medical Provider Assessments
2018,rev,33,1260.7115748499998,Lottery Receipts
2018,rev,35,824.51743249,Other Taxes
2018,rev,36,2476.6726292,Receipts From Revenue Producing
2018,rev,39,1218.89577773,"Licenses, Fees & Registrations"
2018,rev,42,1483.02002522,Motor Vehicle And Operators
2018,rev,48,433.57407225,Riverboat Wagering Taxes
2018,rev,54,1206.51913064,Gifts And Bequests
2018,rev,57,5802.46394704,Federal Other
2018,rev,58,13474.61210265,Federal Medicaid
2018,rev,59,1593.22014479,Federal Transportation
2018,rev,60,0.01512267,Other Grants And Contracts
2018,rev,63,173.03232382,Investment Income
2018,rev,78,1913.67805674,All Other Sources
2019,rev,02,20411.25857608,Individual Income Taxes
2019,rev,03,3988.9596463899998,Corporate Income Taxes
2019,rev,06,12456.85694585,Sales Taxes
2019,rev,09,1350.5085531799998,Motor Fuel Tax
2019,rev,12,1474.32796026,Public Utility Taxes
2019,rev,15,769.47516647,Cigarette Taxes
2019,rev,18,297.24915266999994,Liquor Gallonage Taxes
2019,rev,21,388.29539561,Inheritance Tax
2019,rev,24,523.69252784,Insurance Taxes&Fees&Licenses
2019,rev,27,256.69869957000003,Corp Franchise Taxes & Fees
2019,rev,30,6.664187259999999,Horse Racing Taxes & Fees
2019,rev,31,2376.1845600099996,Medical Provider Assessments
2019,rev,33,1326.4133212699999,Lottery Receipts
2019,rev,35,901.6796256,Other Taxes
2019,rev,36,2589.9790074000002,Receipts From Revenue Producing
2019,rev,39,1178.2404801,"Licenses, Fees & Registrations"
2019,rev,42,1599.24628996,Motor Vehicle And Operators
2019,rev,48,422.69140733,Riverboat Wagering Taxes
2019,rev,54,1114.5401427000002,Gifts And Bequests
2019,rev,57,5942.08160865,Federal Other
2019,rev,58,12066.82019685,Federal Medicaid
2019,rev,59,1362.6759261900002,Federal Transportation
2019,rev,60,0.23182618,Other Grants And Contracts
2019,rev,63,283.41204518,Investment Income
2019,rev,78,1549.48284283,All Other Sources
2020,rev,02,19600.708671760003,Individual Income Taxes
2020,rev,03,3636.7209881999997,Corporate Income Taxes
2020,rev,06,12273.26935867,Sales Taxes
2020,rev,09,2318.9591395,Motor Fuel Tax
2020,rev,12,1424.11609276,Public Utility Taxes
2020,rev,15,850.56335983,Cigarette Taxes
2020,rev,18,302.77449139000004,Liquor Gallonage Taxes
2020,rev,21,283.24693270999995,Inheritance Tax
2020,rev,24,479.88810943,Insurance Taxes&Fees&Licenses
2020,rev,27,219.11439228999998,Corp Franchise Taxes & Fees
2020,rev,30,6.96072717,Horse Racing Taxes & Fees
2020,rev,31,3473.8385677200004,Medical Provider Assessments
2020,rev,33,1158.6710565,Lottery Receipts
2020,rev,35,823.0034299399999,Other Taxes
2020,rev,36,2174.1956140700004,Receipts From Revenue Producing
2020,rev,39,1419.25369478,"Licenses, Fees & Registrations"
2020,rev,42,1458.0913355,Motor Vehicle And Operators
2020,rev,48,326.23720298,Riverboat Wagering Taxes
2020,rev,54,918.07353694,Gifts And Bequests
2020,rev,57,9705.12242953,Federal Other
2020,rev,58,13841.846912219999,Federal Medicaid
2020,rev,59,1783.5205157,Federal Transportation
2020,rev,60,1.9009388999999999,Other Grants And Contracts
2020,rev,63,260.40690811,Investment Income
2020,rev,78,1848.26097516,All Other Sources
2021,rev,02,23979.886093279998,Individual Income Taxes
2021,rev,03,5991.90552129,Corporate Income Taxes
2021,rev,06,13897.74366299,Sales Taxes
2021,rev,09,2383.66556647,Motor Fuel Tax
2021,rev,12,1369.42402377,Public Utility Taxes
2021,rev,15,917.04281503,Cigarette Taxes
2021,rev,18,312.10127911,Liquor Gallonage Taxes
2021,rev,21,449.80045057999996,Inheritance Tax
2021,rev,24,633.460773,Insurance Taxes&Fees&Licenses
2021,rev,27,332.05712143,Corp Franchise Taxes & Fees
2021,rev,30,8.83792716,Horse Racing Taxes & Fees
2021,rev,31,3809.35655872,Medical Provider Assessments
2021,rev,33,1483.83753136,Lottery Receipts
2021,rev,35,884.7331525,Other Taxes
2021,rev,36,2317.21269957,Receipts From Revenue Producing
2021,rev,39,1971.3409143499998,"Licenses, Fees & Registrations"
2021,rev,42,1691.84525723,Motor Vehicle And Operators
2021,rev,48,176.77904052000002,Riverboat Wagering Taxes
2021,rev,54,1498.28149288,Gifts And Bequests
2021,rev,57,9209.680510260001,Federal Other
2021,rev,58,17555.61878063,Federal Medicaid
2021,rev,59,2379.56348973,Federal Transportation
2021,rev,60,0.45832265,Other Grants And Contracts
2021,rev,63,103.02020393,Investment Income
2021,rev,78,1848.61441686,All Other Sources
2022,rev,02,26441.334020640003,Individual Income Taxes
2022,rev,03,10027.44502876,Corporate Income Taxes
2022,rev,06,15474.16469422,Sales Taxes
2022,rev,09,2527.36488968,Motor Fuel Tax
2022,rev,12,1411.7897733999998,Public Utility Taxes
2022,rev,15,841.36644287,Cigarette Taxes
2022,rev,18,320.00049307,Liquor Gallonage Taxes
2022,rev,21,603.30596471,Inheritance Tax
2022,rev,24,610.0830054500001,Insurance Taxes&Fees&Licenses
2022,rev,27,224.46879003,Corp Franchise Taxes & Fees
2022,rev,30,8.588081429999999,Horse Racing Taxes & Fees
2022,rev,31,3733.75619684,Medical Provider Assessments
2022,rev,33,1392.2671951399998,Lottery Receipts
2022,rev,35,1449.99910718,Other Taxes
2022,rev,36,2386.9186534299997,Receipts From Revenue Producing
2022,rev,39,1886.18847954,"Licenses, Fees & Registrations"
2022,rev,42,1597.28919903,Motor Vehicle And Operators
2022,rev,48,319.56448811,Riverboat Wagering Taxes
2022,rev,54,1854.19843534,Gifts And Bequests
2022,rev,57,19381.02681831,Federal Other
2022,rev,58,19045.02118168,Federal Medicaid
2022,rev,59,1833.56280947,Federal Transportation
2022,rev,60,0.30155451,Other Grants And Contracts
2022,rev,63,82.10634706,Investment Income
2022,rev,78,2609.2402328400003,All Other Sources
2023,rev,02,25309.54212934,Individual Income Taxes
2023,rev,03,10484.326714539999,Corporate Income Taxes
2023,rev,06,16222.46599457,Sales Taxes
2023,rev,09,2569.22875202,Motor Fuel Tax
2023,rev,12,1443.21222652,Public Utility Taxes
2023,rev,15,784.86131246,Cigarette Taxes
2023,rev,18,316.29617706,Liquor Gallonage Taxes
2023,rev,21,502.66530162,Inheritance Tax
2023,rev,24,662.3194271,Insurance Taxes&Fees&Licenses
2023,rev,27,234.34049856000001,Corp Franchise Taxes & Fees
2023,rev,30,7.770479409999999,Horse Racing Taxes & Fees
2023,rev,31,4088.37992091,Medical Provider Assessments
2023,rev,33,1557.73718277,Lottery Receipts
2023,rev,35,1638.33656046,Other Taxes
2023,rev,36,2589.09936285,Receipts From Revenue Producing
2023,rev,39,2060.59908947,"Licenses, Fees & Registrations"
2023,rev,42,1597.1267798699998,Motor Vehicle And Operators
2023,rev,48,349.48803672,Riverboat Wagering Taxes
2023,rev,54,2098.3857632,Gifts And Bequests
2023,rev,57,10878.719803510001,Federal Other
2023,rev,58,20205.13841998,Federal Medicaid
2023,rev,59,2114.1018186700003,Federal Transportation
2023,rev,60,1.7481583200000002,Other Grants And Contracts
2023,rev,63,747.76371401,Investment Income
2023,rev,78,3310.66912044,All Other Sources
2024,rev,02,27378.23104303,Individual Income Taxes
2024,rev,03,8301.79252883,Corporate Income Taxes
2024,rev,06,16425.80955141,Sales Taxes
2024,rev,09,2822.0554001400005,Motor Fuel Tax
2024,rev,12,1439.4304841499998,Public Utility Taxes
2024,rev,15,707.93506372,Cigarette Taxes
2024,rev,18,311.13661325,Liquor Gallonage Taxes
2024,rev,21,627.45039803,Inheritance Tax
2024,rev,24,663.28117676,Insurance Taxes&Fees&Licenses
2024,rev,27,210.98255442999996,Corp Franchise Taxes & Fees
2024,rev,30,7.874200619999999,Horse Racing Taxes & Fees
2024,rev,31,4341.593735189999,Medical Provider Assessments
2024,rev,33,1605.42611582,Lottery Receipts
2024,rev,35,1704.96293925,Other Taxes
2024,rev,36,3012.77390344,Receipts From Revenue Producing
2024,rev,39,2351.53702675,"Licenses, Fees & Registrations"
2024,rev,42,1637.25887938,Motor Vehicle And Operators
2024,rev,48,361.51899198,Riverboat Wagering Taxes
2024,rev,54,2446.81923383,Gifts And Bequests
2024,rev,57,10487.35325647,Federal Other
2024,rev,58,21377.249346459997,Federal Medicaid
2024,rev,59,2360.51704048,Federal Transportation
2024,rev,60,2.63394787,Other Grants And Contracts
2024,rev,63,1261.4849335899999,Investment Income
2024,rev,78,3281.6816315,All Other Sources
1998,exp,402,215.02831869,Aging
1998,exp,406,74.77033122,Agriculture
1998,exp,416,426.6862028,Central Management
1998,exp,418,1300.2981326400002,Children And Family Services
1998,exp,420,465.00162715,Commerce And Economic Opportunity
1998,exp,422,198.90832422,Natural Resources
1998,exp,426,987.0140263100001,Corrections
1998,exp,427,181.27781240000002,Employment Security
1998,exp,444,3934.13656738,Human Services
1998,exp,478,113.13410134,Family Services Net Medicaid
1998,exp,482,161.09740625,Public Health
1998,exp,492,440.0671357,Revenue
1998,exp,494,1977.7148153399999,Transportation
1998,exp,532,310.20428102999995,Environmental Protect Agency
1998,exp,557,367.42032926,Il State Toll Highway Auth
1998,exp,904,729.7605494300001,State Employee Healthcare
1998,exp,910,63.17611565,Legislative
1998,exp,920,282.3285273,Judicial
1998,exp,930,415.90526666000005,Elected Officers
1998,exp,941,436.58395779,Public Safety
1998,exp,944,154.2265805,Bus & Profession Regulation
1998,exp,945,5398.44057766,Medicaid
1998,exp,946,256.61600266,Capital Improvement
1998,exp,948,409.65260613,Other Departments
1998,exp,949,94.33091046,Other Boards & Commissions
1998,exp,959,5604.80360031,K-12 Education
1998,exp,960,2283.40741281,University Education
1998,exp,901,NA,State Pension Contribution
1998,exp,903,484.53383483,Debt Service
1998,exp,970,3476.47340622,Local Govt Transfers
1999,exp,402,236.28146299000002,Aging
1999,exp,406,90.16332858,Agriculture
1999,exp,416,474.11201711,Central Management
1999,exp,418,1345.5399296300002,Children And Family Services
1999,exp,420,525.9070425799999,Commerce And Economic Opportunity
1999,exp,422,237.41977759,Natural Resources
1999,exp,426,1103.8591784300002,Corrections
1999,exp,427,184.49014449,Employment Security
1999,exp,444,4128.57649542,Human Services
1999,exp,478,120.39660468000001,Family Services Net Medicaid
1999,exp,482,169.31931811,Public Health
1999,exp,492,479.30071755,Revenue
1999,exp,494,1895.0874249400001,Transportation
1999,exp,532,320.4168053,Environmental Protect Agency
1999,exp,557,461.11222988,Il State Toll Highway Auth
1999,exp,904,779.0175351800001,State Employee Healthcare
1999,exp,910,66.65069694,Legislative
1999,exp,920,313.98604814,Judicial
1999,exp,930,449.14351093,Elected Officers
1999,exp,941,465.02733164999995,Public Safety
1999,exp,944,167.17631655000002,Bus & Profession Regulation
1999,exp,945,5767.25773417,Medicaid
1999,exp,946,400.63922838999997,Capital Improvement
1999,exp,948,385.38910196,Other Departments
1999,exp,949,107.20270191,Other Boards & Commissions
1999,exp,959,6229.8089062300005,K-12 Education
1999,exp,960,2404.07500521,University Education
1999,exp,901,NA,State Pension Contribution
1999,exp,903,507.52762319,Debt Service
1999,exp,970,4031.5164429099996,Local Govt Transfers
2000,exp,402,261.04560476,Aging
2000,exp,406,105.25863086,Agriculture
2000,exp,416,488.39513479000004,Central Management
2000,exp,418,1358.68227395,Children And Family Services
2000,exp,420,706.5316869300001,Commerce And Economic Opportunity
2000,exp,422,277.93209348,Natural Resources
2000,exp,426,1190.4217942999999,Corrections
2000,exp,427,189.35984993,Employment Security
2000,exp,444,4238.06760915,Human Services
2000,exp,478,141.01060519,Family Services Net Medicaid
2000,exp,482,185.00055243,Public Health
2000,exp,492,499.8511602,Revenue
2000,exp,494,2480.03248334,Transportation
2000,exp,532,359.19852710000004,Environmental Protect Agency
2000,exp,557,434.67865002999997,Il State Toll Highway Auth
2000,exp,904,927.48653323,State Employee Healthcare
2000,exp,910,72.82633675,Legislative
2000,exp,920,352.84359237,Judicial
2000,exp,930,497.70209461,Elected Officers
2000,exp,941,489.39412411,Public Safety
2000,exp,944,139.62594961,Bus & Profession Regulation
2000,exp,945,6442.31650401,Medicaid
2000,exp,946,829.17508889,Capital Improvement
2000,exp,948,394.30959412,Other Departments
2000,exp,949,132.08594242,Other Boards & Commissions
2000,exp,959,6733.0634085,K-12 Education
2000,exp,960,2506.92996585,University Education
2000,exp,901,NA,State Pension Contribution
2000,exp,903,543.84052911,Debt Service
2000,exp,970,4366.14101383,Local Govt Transfers
2001,exp,402,284.31749805000004,Aging
2001,exp,406,117.05684367,Agriculture
2001,exp,416,494.69872817000004,Central Management
2001,exp,418,1374.86356954,Children And Family Services
2001,exp,420,765.19385955,Commerce And Economic Opportunity
2001,exp,422,319.12886616000003,Natural Resources
2001,exp,426,1271.2018237300001,Corrections
2001,exp,427,291.54904393,Employment Security
2001,exp,444,4559.15299111,Human Services
2001,exp,478,140.42073412,Family Services Net Medicaid
2001,exp,482,227.17837324,Public Health
2001,exp,492,855.6193329,Revenue
2001,exp,494,2718.31626877,Transportation
2001,exp,532,393.12374538,Environmental Protect Agency
2001,exp,557,346.13919503,Il State Toll Highway Auth
2001,exp,904,1000.12568813,State Employee Healthcare
2001,exp,910,78.40702434,Legislative
2001,exp,920,365.95941521,Judicial
2001,exp,930,568.76573013,Elected Officers
2001,exp,941,512.98188653,Public Safety
2001,exp,944,151.97823931,Bus & Profession Regulation
2001,exp,945,7187.341484529999,Medicaid
2001,exp,946,891.1103064700001,Capital Improvement
2001,exp,948,399.17485939,Other Departments
2001,exp,949,140.90948965,Other Boards & Commissions
2001,exp,959,7183.31668943,K-12 Education
2001,exp,960,2659.9799161399997,University Education
2001,exp,901,NA,State Pension Contribution
2001,exp,903,590.04423966,Debt Service
2001,exp,970,4471.93355919,Local Govt Transfers
2002,exp,402,297.86988292,Aging
2002,exp,406,117.88280523,Agriculture
2002,exp,416,490.9750322,Central Management
2002,exp,418,1363.23544731,Children And Family Services
2002,exp,420,813.23518251,Commerce And Economic Opportunity
2002,exp,422,359.601865,Natural Resources
2002,exp,426,1332.1885510999998,Corrections
2002,exp,427,349.69499126,Employment Security
2002,exp,444,4574.02824294,Human Services
2002,exp,478,147.36709352,Family Services Net Medicaid
2002,exp,482,270.78984781,Public Health
2002,exp,492,718.40877922,Revenue
2002,exp,494,3224.01293012,Transportation
2002,exp,532,470.82742423,Environmental Protect Agency
2002,exp,557,392.74387821,Il State Toll Highway Auth
2002,exp,904,1061.93568766,State Employee Healthcare
2002,exp,910,84.4356478,Legislative
2002,exp,920,401.33915391000005,Judicial
2002,exp,930,592.44811898,Elected Officers
2002,exp,941,512.34312279,Public Safety
2002,exp,944,153.78076747,Bus & Profession Regulation
2002,exp,945,7291.78917015,Medicaid
2002,exp,946,1150.46547802,Capital Improvement
2002,exp,948,381.79574310000004,Other Departments
2002,exp,949,145.18670709,Other Boards & Commissions
2002,exp,959,7513.775633179999,K-12 Education
2002,exp,960,2915.03872959,University Education
2002,exp,901,NA,State Pension Contribution
2002,exp,903,640.25704888,Debt Service
2002,exp,970,4300.10066935,Local Govt Transfers
2003,exp,402,304.43458239999995,Aging
2003,exp,406,92.803918,Agriculture
2003,exp,416,498.67933115,Central Management
2003,exp,418,1300.63355477,Children And Family Services
2003,exp,420,831.4581510700001,Commerce And Economic Opportunity
2003,exp,422,323.96350624,Natural Resources
2003,exp,426,1244.99931002,Corrections
2003,exp,427,387.57618931,Employment Security
2003,exp,444,4483.09527985,Human Services
2003,exp,478,309.87397834,Family Services Net Medicaid
2003,exp,482,246.53393459999998,Public Health
2003,exp,492,572.6688721,Revenue
2003,exp,494,3295.5950754200003,Transportation
2003,exp,532,467.65607642000003,Environmental Protect Agency
2003,exp,557,360.73293909,Il State Toll Highway Auth
2003,exp,904,1314.7476423,State Employee Healthcare
2003,exp,910,78.60031133,Legislative
2003,exp,920,399.61331027999995,Judicial
2003,exp,930,573.74044165,Elected Officers
2003,exp,941,526.26498034,Public Safety
2003,exp,944,153.27092033000002,Bus & Profession Regulation
2003,exp,945,7900.568223480001,Medicaid
2003,exp,946,1076.66622554,Capital Improvement
2003,exp,948,391.83191232,Other Departments
2003,exp,949,93.61956792000001,Other Boards & Commissions
2003,exp,959,7689.47472516,K-12 Education
2003,exp,960,2843.28245627,University Education
2003,exp,901,NA,State Pension Contribution
2003,exp,903,731.2021835500001,Debt Service
2003,exp,970,4119.48820917,Local Govt Transfers
2004,exp,402,314.30140901,Aging
2004,exp,406,84.45087889,Agriculture
2004,exp,416,585.88282286,Central Management
2004,exp,418,1267.88684479,Children And Family Services
2004,exp,420,927.66722978,Commerce And Economic Opportunity
2004,exp,422,283.25136657999997,Natural Resources
2004,exp,426,1256.1638053299998,Corrections
2004,exp,427,220.03402391999998,Employment Security
2004,exp,444,4663.760792239999,Human Services
2004,exp,478,300.49337646,Family Services Net Medicaid
2004,exp,482,268.84736297,Public Health
2004,exp,492,843.18966168,Revenue
2004,exp,494,3018.86858452,Transportation
2004,exp,532,565.2232261,Environmental Protect Agency
2004,exp,557,417.18865935,Il State Toll Highway Auth
2004,exp,904,1431.56501696,State Employee Healthcare
2004,exp,910,104.84771712,Legislative
2004,exp,920,531.4230727099999,Judicial
2004,exp,930,1010.8784983,Elected Officers
2004,exp,941,495.03062845,Public Safety
2004,exp,944,145.95277934,Bus & Profession Regulation
2004,exp,945,10061.413063850001,Medicaid
2004,exp,946,834.37242966,Capital Improvement
2004,exp,948,1486.8871599000001,Other Departments
2004,exp,949,87.32587486,Other Boards & Commissions
2004,exp,959,12217.844895729999,K-12 Education
2004,exp,960,4055.7395644000003,University Education
2004,exp,901,NA,State Pension Contribution
2004,exp,903,1288.58426201,Debt Service
2004,exp,970,4256.60560819,Local Govt Transfers
2005,exp,402,402.97646402,Aging
2005,exp,406,74.70461309999999,Agriculture
2005,exp,416,720.96573069,Central Management
2005,exp,418,1237.5480684200002,Children And Family Services
2005,exp,420,424.34329541000005,Commerce And Economic Opportunity
2005,exp,422,249.26126116,Natural Resources
2005,exp,426,1284.6665139200002,Corrections
2005,exp,427,205.0136505,Employment Security
2005,exp,444,4796.47350078,Human Services
2005,exp,478,492.86417323,Family Services Net Medicaid
2005,exp,482,295.45021843,Public Health
2005,exp,492,729.86260105,Revenue
2005,exp,494,2681.02294041,Transportation
2005,exp,532,384.41357217,Environmental Protect Agency
2005,exp,557,479.32018221,Il State Toll Highway Auth
2005,exp,904,1522.69660054,State Employee Healthcare
2005,exp,910,80.20148364,Legislative
2005,exp,920,412.49677851,Judicial
2005,exp,930,563.41076341,Elected Officers
2005,exp,941,566.80811738,Public Safety
2005,exp,944,183.90838049,Bus & Profession Regulation
2005,exp,945,9529.546222559999,Medicaid
2005,exp,946,582.68710374,Capital Improvement
2005,exp,948,161.65090781,Other Departments
2005,exp,949,95.86818929,Other Boards & Commissions
2005,exp,959,8547.14007623,K-12 Education
2005,exp,960,2630.7391597600003,University Education
2005,exp,901,NA,State Pension Contribution
2005,exp,903,1351.8173164500001,Debt Service
2005,exp,970,4674.178671850001,Local Govt Transfers
2006,exp,402,420.74231824000003,Aging
2006,exp,406,83.68657728,Agriculture
2006,exp,416,696.2079002300001,Central Management
2006,exp,418,1241.37023341,Children And Family Services
2006,exp,420,595.18029102,Commerce And Economic Opportunity
2006,exp,422,246.08094619,Natural Resources
2006,exp,426,1243.6461883900001,Corrections
2006,exp,427,207.41371922,Employment Security
2006,exp,444,4863.117340899999,Human Services
2006,exp,478,728.13891539,Family Services Net Medicaid
2006,exp,482,296.87109429000003,Public Health
2006,exp,492,839.11021005,Revenue
2006,exp,494,2789.6782869699996,Transportation
2006,exp,532,379.59220369,Environmental Protect Agency
2006,exp,557,1073.7547139,Il State Toll Highway Auth
2006,exp,904,1622.83187374,State Employee Healthcare
2006,exp,910,81.13655779000001,Legislative
2006,exp,920,367.81251126,Judicial
2006,exp,930,607.33315195,Elected Officers
2006,exp,941,618.2028245399999,Public Safety
2006,exp,944,185.57031815000002,Bus & Profession Regulation
2006,exp,945,10465.75244916,Medicaid
2006,exp,946,493.31643924,Capital Improvement
2006,exp,948,94.6858667,Other Departments
2006,exp,949,160.93020984999998,Other Boards & Commissions
2006,exp,959,8487.6210515,K-12 Education
2006,exp,960,2552.56106196,University Education
2006,exp,901,NA,State Pension Contribution
2006,exp,903,1415.45327269,Debt Service
2006,exp,970,5203.7770244,Local Govt Transfers
2007,exp,402,488.66086377,Aging
2007,exp,406,85.41983256,Agriculture
2007,exp,416,719.87088685,Central Management
2007,exp,418,1264.4590819500002,Children And Family Services
2007,exp,420,600.6981465800001,Commerce And Economic Opportunity
2007,exp,422,269.91242823000005,Natural Resources
2007,exp,426,1202.42697973,Corrections
2007,exp,427,199.63791457,Employment Security
2007,exp,444,4974.05601959,Human Services
2007,exp,478,689.1563349500001,Family Services Net Medicaid
2007,exp,482,331.38825210000005,Public Health
2007,exp,492,859.2767719499999,Revenue
2007,exp,494,3043.0967754000003,Transportation
2007,exp,532,419.66218423000004,Environmental Protect Agency
2007,exp,557,1432.8793855899999,Il State Toll Highway Auth
2007,exp,904,1751.62380245,State Employee Healthcare
2007,exp,910,88.29000701000001,Legislative
2007,exp,920,385.73391829,Judicial
2007,exp,930,673.25742938,Elected Officers
2007,exp,941,775.87941831,Public Safety
2007,exp,944,210.34187874,Bus & Profession Regulation
2007,exp,945,11198.462198,Medicaid
2007,exp,946,389.69792501,Capital Improvement
2007,exp,948,106.37627611,Other Departments
2007,exp,949,148.33261333000002,Other Boards & Commissions
2007,exp,959,9084.7151679,K-12 Education
2007,exp,960,2742.41237052,University Education
2007,exp,901,NA,State Pension Contribution
2007,exp,903,1417.2083298799998,Debt Service
2007,exp,970,5578.12285448,Local Govt Transfers
2008,exp,402,527.2105026099999,Aging
2008,exp,406,87.3928307,Agriculture
2008,exp,416,737.60941875,Central Management
2008,exp,418,1270.0187734200001,Children And Family Services
2008,exp,420,440.7915918,Commerce And Economic Opportunity
2008,exp,422,248.84232648,Natural Resources
2008,exp,426,1289.5977314200002,Corrections
2008,exp,427,208.54797631,Employment Security
2008,exp,444,5223.37718063,Human Services
2008,exp,478,705.9498693200001,Family Services Net Medicaid
2008,exp,482,357.43549924,Public Health
2008,exp,492,865.59199166,Revenue
2008,exp,494,2859.62101219,Transportation
2008,exp,532,402.99820825,Environmental Protect Agency
2008,exp,557,1587.69669403,Il State Toll Highway Auth
2008,exp,904,1789.66790126,State Employee Healthcare
2008,exp,910,93.19296752,Legislative
2008,exp,920,410.9487733,Judicial
2008,exp,930,701.80756896,Elected Officers
2008,exp,941,799.49672095,Public Safety
2008,exp,944,212.19693187000001,Bus & Profession Regulation
2008,exp,945,12699.20047202,Medicaid
2008,exp,946,262.37155247,Capital Improvement
2008,exp,948,116.90878660000001,Other Departments
2008,exp,949,123.19313799,Other Boards & Commissions
2008,exp,959,9997.02207227,K-12 Education
2008,exp,960,2866.66951471,University Education
2008,exp,901,NA,State Pension Contribution
2008,exp,903,1414.2337261,Debt Service
2008,exp,970,5873.26115267,Local Govt Transfers
2009,exp,402,606.6570098999999,Aging
2009,exp,406,81.09749885,Agriculture
2009,exp,416,719.1000071799999,Central Management
2009,exp,418,1283.6711937999999,Children And Family Services
2009,exp,420,521.31039045,Commerce And Economic Opportunity
2009,exp,422,233.02124969,Natural Resources
2009,exp,426,1373.88833232,Corrections
2009,exp,427,239.31307450999998,Employment Security
2009,exp,444,5433.036203,Human Services
2009,exp,478,717.13455263,Family Services Net Medicaid
2009,exp,482,359.92934066000004,Public Health
2009,exp,492,890.0247014199999,Revenue
2009,exp,494,3070.77228472,Transportation
2009,exp,532,418.87451501,Environmental Protect Agency
2009,exp,557,1599.27061967,Il State Toll Highway Auth
2009,exp,904,1770.02965118,State Employee Healthcare
2009,exp,910,100.05477834999999,Legislative
2009,exp,920,458.13939963,Judicial
2009,exp,930,709.44339277,Elected Officers
2009,exp,941,829.27332251,Public Safety
2009,exp,944,228.32591929999998,Bus & Profession Regulation
2009,exp,945,13826.58674312,Medicaid
2009,exp,946,166.64487599,Capital Improvement
2009,exp,948,123.50915284999999,Other Departments
2009,exp,949,182.78335033000002,Other Boards & Commissions
2009,exp,959,10903.4815421,K-12 Education
2009,exp,960,2964.3750348000003,University Education
2009,exp,901,NA,State Pension Contribution
2009,exp,903,1421.07800529,Debt Service
2009,exp,970,5520.558796109999,Local Govt Transfers
2010,exp,402,728.08372988,Aging
2010,exp,406,82.50012842,Agriculture
2010,exp,416,809.26674147,Central Management
2010,exp,418,1231.19779724,Children And Family Services
2010,exp,420,1179.3221256400002,Commerce And Economic Opportunity
2010,exp,422,226.46634935,Natural Resources
2010,exp,426,1227.7357163299998,Corrections
2010,exp,427,283.23736447000005,Employment Security
2010,exp,444,5412.602871020001,Human Services
2010,exp,478,475.04717101,Family Services Net Medicaid
2010,exp,482,368.982773,Public Health
2010,exp,492,735.67488219,Revenue
2010,exp,494,3814.5030255099996,Transportation
2010,exp,532,533.79507125,Environmental Protect Agency
2010,exp,557,1292.2441540799998,Il State Toll Highway Auth
2010,exp,904,1792.2102457199999,State Employee Healthcare
2010,exp,910,84.19877295,Legislative
2010,exp,920,387.95012133999995,Judicial
2010,exp,930,634.17690075,Elected Officers
2010,exp,941,782.4292196800001,Public Safety
2010,exp,944,254.96464039,Bus & Profession Regulation
2010,exp,945,14155.9385009,Medicaid
2010,exp,946,215.50493174000002,Capital Improvement
2010,exp,948,117.03277639999999,Other Departments
2010,exp,949,351.93751530000003,Other Boards & Commissions
2010,exp,959,10722.93942822,K-12 Education
2010,exp,960,2758.1001340099997,University Education
2010,exp,901,809.40137211,State Pension Contribution
2010,exp,903,1387.92024044,Debt Service
2010,exp,970,5194.19321064,Local Govt Transfers
2011,exp,402,715.47782211,Aging
2011,exp,406,73.95357623999999,Agriculture
2011,exp,416,789.4800408,Central Management
2011,exp,418,1212.50991499,Children And Family Services
2011,exp,420,1159.6371303399999,Commerce And Economic Opportunity
2011,exp,422,235.46821960999998,Natural Resources
2011,exp,426,1270.99823625,Corrections
2011,exp,427,319.74996296000006,Employment Security
2011,exp,444,5709.87572503,Human Services
2011,exp,478,508.90313904000004,Family Services Net Medicaid
2011,exp,482,316.13354932,Public Health
2011,exp,492,760.79805286,Revenue
2011,exp,494,4473.82647876,Transportation
2011,exp,532,770.6849133100001,Environmental Protect Agency
2011,exp,557,739.80110963,Il State Toll Highway Auth
2011,exp,904,1884.42773143,State Employee Healthcare
2011,exp,910,85.76148903,Legislative
2011,exp,920,380.23731734999996,Judicial
2011,exp,930,648.62827938,Elected Officers
2011,exp,941,804.9866428500001,Public Safety
2011,exp,944,239.78317912,Bus & Profession Regulation
2011,exp,945,14161.02022563,Medicaid
2011,exp,946,367.03495259,Capital Improvement
2011,exp,948,164.67187275,Other Departments
2011,exp,949,377.93332553000005,Other Boards & Commissions
2011,exp,959,9777.42483035,K-12 Education
2011,exp,960,2557.74994237,University Education
2011,exp,901,745.54649664,State Pension Contribution
2011,exp,903,1640.8520024000002,Debt Service
2011,exp,970,5529.052197790001,Local Govt Transfers
2012,exp,402,795.9358120899999,Aging
2012,exp,406,72.15963329,Agriculture
2012,exp,416,767.50941334,Central Management
2012,exp,418,1190.79955408,Children And Family Services
2012,exp,420,1027.28775227,Commerce And Economic Opportunity
2012,exp,422,228.25995989,Natural Resources
2012,exp,426,1281.9039491299998,Corrections
2012,exp,427,270.32791806,Employment Security
2012,exp,444,5271.63734916,Human Services
2012,exp,478,541.11739044,Family Services Net Medicaid
2012,exp,482,408.44516953,Public Health
2012,exp,492,524.60824528,Revenue
2012,exp,494,4463.758309399999,Transportation
2012,exp,532,653.5788828899999,Environmental Protect Agency
2012,exp,557,698.72918798,Il State Toll Highway Auth
2012,exp,904,2353.706227,State Employee Healthcare
2012,exp,910,111.46175125,Legislative
2012,exp,920,450.40709668,Judicial
2012,exp,930,681.32180763,Elected Officers
2012,exp,941,792.64923628,Public Safety
2012,exp,944,258.30725276,Bus & Profession Regulation
2012,exp,945,12228.48252349,Medicaid
2012,exp,946,619.42823287,Capital Improvement
2012,exp,948,1641.44477894,Other Departments
2012,exp,949,330.19927584,Other Boards & Commissions
2012,exp,959,11371.762608719999,K-12 Education
2012,exp,960,3475.3413429,University Education
2012,exp,901,NA,State Pension Contribution
2012,exp,903,1784.8645659000001,Debt Service
2012,exp,970,5568.990849299999,Local Govt Transfers
2013,exp,402,1121.4135922799999,Aging
2013,exp,406,72.01753467,Agriculture
2013,exp,416,920.22617999,Central Management
2013,exp,418,1136.6463996500001,Children And Family Services
2013,exp,420,979.62269692,Commerce And Economic Opportunity
2013,exp,422,244.19380084,Natural Resources
2013,exp,426,1252.5710594700001,Corrections
2013,exp,427,266.26083701000005,Employment Security
2013,exp,444,5612.10346521,Human Services
2013,exp,478,389.52460651,Family Services Net Medicaid
2013,exp,482,363.25847551,Public Health
2013,exp,492,425.49168174,Revenue
2013,exp,494,4295.8411367,Transportation
2013,exp,532,537.61661399,Environmental Protect Agency
2013,exp,557,950.24235075,Il State Toll Highway Auth
2013,exp,904,2174.92617471,State Employee Healthcare
2013,exp,910,135.59799085,Legislative
2013,exp,920,441.04275514999995,Judicial
2013,exp,930,685.0014465700001,Elected Officers
2013,exp,941,838.6849729500001,Public Safety
2013,exp,944,275.85110486,Bus & Profession Regulation
2013,exp,945,14776.36709009,Medicaid
2013,exp,946,532.58986569,Capital Improvement
2013,exp,948,1792.34128779,Other Departments
2013,exp,949,281.5074729,Other Boards & Commissions
2013,exp,959,11439.90268783,K-12 Education
2013,exp,960,3714.61978735,University Education
2013,exp,901,NA,State Pension Contribution
2013,exp,903,1802.85670795,Debt Service
2013,exp,970,5828.579201660001,Local Govt Transfers
2014,exp,402,993.99703003,Aging
2014,exp,406,75.26141904,Agriculture
2014,exp,416,934.4582196800001,Central Management
2014,exp,418,1129.14244855,Children And Family Services
2014,exp,420,1051.76127151,Commerce And Economic Opportunity
2014,exp,422,278.79288099,Natural Resources
2014,exp,426,1355.49113703,Corrections
2014,exp,427,251.08554735,Employment Security
2014,exp,444,5628.19878617,Human Services
2014,exp,478,484.17435557,Family Services Net Medicaid
2014,exp,482,466.14053437,Public Health
2014,exp,492,494.61930174,Revenue
2014,exp,494,4472.90348041,Transportation
2014,exp,532,482.30877573,Environmental Protect Agency
2014,exp,557,1423.40512143,Il State Toll Highway Auth
2014,exp,904,2625.89449946,State Employee Healthcare
2014,exp,910,111.01946722,Legislative
2014,exp,920,500.1949133,Judicial
2014,exp,930,751.18176665,Elected Officers
2014,exp,941,836.9996822300001,Public Safety
2014,exp,944,307.13789706,Bus & Profession Regulation
2014,exp,945,15189.78782041,Medicaid
2014,exp,946,741.29798837,Capital Improvement
2014,exp,948,1833.05967568,Other Departments
2014,exp,949,268.94709935000003,Other Boards & Commissions
2014,exp,959,12436.095890139999,K-12 Education
2014,exp,960,3891.68846847,University Education
2014,exp,901,NA,State Pension Contribution
2014,exp,903,1920.01656271,Debt Service
2014,exp,970,6030.58129638,Local Govt Transfers
2015,exp,402,1032.28520912,Aging
2015,exp,406,73.00399878,Agriculture
2015,exp,416,893.1126443200001,Central Management
2015,exp,418,1117.86477881,Children And Family Services
2015,exp,420,993.7598186399999,Commerce And Economic Opportunity
2015,exp,422,312.43421954,Natural Resources
2015,exp,426,1386.3538884700001,Corrections
2015,exp,427,218.49438684,Employment Security
2015,exp,444,5902.28620534,Human Services
2015,exp,478,429.61848968,Family Services Net Medicaid
2015,exp,482,405.09321428000004,Public Health
2015,exp,492,459.16197841999997,Revenue
2015,exp,494,4535.09563187,Transportation
2015,exp,532,641.78261622,Environmental Protect Agency
2015,exp,557,1894.3990662200001,Il State Toll Highway Auth
2015,exp,904,2454.66639179,State Employee Healthcare
2015,exp,910,107.43969871,Legislative
2015,exp,920,530.7641648,Judicial
2015,exp,930,809.10298841,Elected Officers
2015,exp,941,783.25973628,Public Safety
2015,exp,944,313.65270847,Bus & Profession Regulation
2015,exp,945,16913.59457004,Medicaid
2015,exp,946,753.98041336000006,Capital Improvement
2015,exp,948,2250.4669273600002,Other Departments
2015,exp,949,248.69468878,Other Boards & Commissions
2015,exp,959,12349.90314908,K-12 Education
2015,exp,960,3832.42751862,University Education
2015,exp,901,NA,State Pension Contribution
2015,exp,903,2014.55568518,Debt Service
2015,exp,970,6283.47793569,Local Govt Transfers
2016,exp,402,710.71382203,Aging
2016,exp,406,58.446296780000004,Agriculture
2016,exp,416,747.94754112,Central Management
2016,exp,418,1086.91477397,Children And Family Services
2016,exp,420,512.51323402,Commerce And Economic Opportunity
2016,exp,422,175.97519347,Natural Resources
2016,exp,426,955.6298708400001,Corrections
2016,exp,427,205.40274234,Employment Security
2016,exp,444,5065.8061307,Human Services
2016,exp,478,357.57391934,Family Services Net Medicaid
2016,exp,482,347.57350669,Public Health
2016,exp,492,435.23525141000005,Revenue
2016,exp,494,4333.51872362,Transportation
2016,exp,532,818.1649149,Environmental Protect Agency
2016,exp,557,2245.99601849,Il State Toll Highway Auth
2016,exp,904,478.67398667000003,State Employee Healthcare
2016,exp,910,105.45981389,Legislative
2016,exp,920,519.80472892,Judicial
2016,exp,930,698.04878095,Elected Officers
2016,exp,941,737.04391661,Public Safety
2016,exp,944,234.27612735,Bus & Profession Regulation
2016,exp,945,17034.82557192,Medicaid
2016,exp,946,95.50588327,Capital Improvement
2016,exp,948,2054.92817202,Other Departments
2016,exp,949,213.04733271999999,Other Boards & Commissions
2016,exp,959,13092.4521344,K-12 Education
2016,exp,960,2472.24072372,University Education
2016,exp,901,NA,State Pension Contribution
2016,exp,903,1906.0034094300001,Debt Service
2016,exp,970,6231.73605521,Local Govt Transfers
2017,exp,402,1256.49877458,Aging
2017,exp,406,72.44952333,Agriculture
2017,exp,416,1146.58032744,Central Management
2017,exp,418,1076.27115386,Children And Family Services
2017,exp,420,649.2998035700001,Commerce And Economic Opportunity
2017,exp,422,232.45793626,Natural Resources
2017,exp,426,1275.4857715,Corrections
2017,exp,427,193.98612000999998,Employment Security
2017,exp,444,5409.73459971,Human Services
2017,exp,478,388.51204875,Family Services Net Medicaid
2017,exp,482,373.35684664999997,Public Health
2017,exp,492,509.84963619999996,Revenue
2017,exp,494,4179.54269487,Transportation
2017,exp,532,925.2574473000001,Environmental Protect Agency
2017,exp,557,1763.57585644,Il State Toll Highway Auth
2017,exp,904,3320.90217221,State Employee Healthcare
2017,exp,910,111.25980329000001,Legislative
2017,exp,920,552.66661213,Judicial
2017,exp,930,737.6311272,Elected Officers
2017,exp,941,826.59477738,Public Safety
2017,exp,944,201.9391916,Bus & Profession Regulation
2017,exp,945,17852.95398318,Medicaid
2017,exp,946,258.04527121,Capital Improvement
2017,exp,948,2055.95321106,Other Departments
2017,exp,949,217.98582346999999,Other Boards & Commissions
2017,exp,959,13760.765585620002,K-12 Education
2017,exp,960,4066.77929331,University Education
2017,exp,901,NA,State Pension Contribution
2017,exp,903,1851.63592052,Debt Service
2017,exp,970,6459.7416522799995,Local Govt Transfers
2018,exp,402,954.13448546,Aging
2018,exp,406,87.24809846,Agriculture
2018,exp,416,1011.60594653,Central Management
2018,exp,418,1084.8222748399999,Children And Family Services
2018,exp,420,498.38432916,Commerce And Economic Opportunity
2018,exp,422,254.12127471,Natural Resources
2018,exp,426,1949.21206613,Corrections
2018,exp,427,236.51142621,Employment Security
2018,exp,444,5436.21393326,Human Services
2018,exp,478,411.3528003,Family Services Net Medicaid
2018,exp,482,379.31343485,Public Health
2018,exp,492,550.3731216699999,Revenue
2018,exp,494,3599.8246789699997,Transportation
2018,exp,532,906.34216879,Environmental Protect Agency
2018,exp,557,1467.50758754,Il State Toll Highway Auth
2018,exp,904,5851.72845374,State Employee Healthcare
2018,exp,910,111.30947664,Legislative
2018,exp,920,565.93961498,Judicial
2018,exp,930,842.29068549,Elected Officers
2018,exp,941,899.64130248,Public Safety
2018,exp,944,193.83398981,Bus & Profession Regulation
2018,exp,945,18587.36222093,Medicaid
2018,exp,946,226.50150585,Capital Improvement
2018,exp,948,2264.54194499,Other Departments
2018,exp,949,218.36028625999998,Other Boards & Commissions
2018,exp,959,14567.264292360001,K-12 Education
2018,exp,960,3665.40555593,University Education
2018,exp,901,NA,State Pension Contribution
2018,exp,903,1970.69456089,Debt Service
2018,exp,970,6180.91691266,Local Govt Transfers
2019,exp,402,987.88190369,Aging
2019,exp,406,78.66847491,Agriculture
2019,exp,416,950.95153409,Central Management
2019,exp,418,1153.12736403,Children And Family Services
2019,exp,420,576.2422491899999,Commerce And Economic Opportunity
2019,exp,422,283.18076963,Natural Resources
2019,exp,426,1582.8907955,Corrections
2019,exp,427,221.36637786000003,Employment Security
2019,exp,444,5623.367277310001,Human Services
2019,exp,478,497.28522476999996,Family Services Net Medicaid
2019,exp,482,437.25449369,Public Health
2019,exp,492,619.24087243,Revenue
2019,exp,494,3448.7655594499997,Transportation
2019,exp,532,841.9039502999999,Environmental Protect Agency
2019,exp,557,1751.0649049600001,Il State Toll Highway Auth
2019,exp,904,3151.8790617,State Employee Healthcare
2019,exp,910,117.23316421999999,Legislative
2019,exp,920,556.14592427,Judicial
2019,exp,930,923.74635738,Elected Officers
2019,exp,941,1012.68687151,Public Safety
2019,exp,944,198.94107941,Bus & Profession Regulation
2019,exp,945,19025.87600858,Medicaid
2019,exp,946,259.67781974,Capital Improvement
2019,exp,948,2244.81219679,Other Departments
2019,exp,949,229.01731015000001,Other Boards & Commissions
2019,exp,959,15345.92899951,K-12 Education
2019,exp,960,3714.3899996799996,University Education
2019,exp,901,NA,State Pension Contribution
2019,exp,903,2052.34078095,Debt Service
2019,exp,970,6520.18424595,Local Govt Transfers
2020,exp,402,1065.11499319,Aging
2020,exp,406,74.39449633,Agriculture
2020,exp,416,1190.46651677,Central Management
2020,exp,418,1238.5849721700001,Children And Family Services
2020,exp,420,620.21825366,Commerce And Economic Opportunity
2020,exp,422,278.23797176,Natural Resources
2020,exp,426,1538.4608600899999,Corrections
2020,exp,427,236.52931031,Employment Security
2020,exp,444,5996.50360731,Human Services
2020,exp,478,350.87838935,Family Services Net Medicaid
2020,exp,482,560.00437686,Public Health
2020,exp,492,1155.27471794,Revenue
2020,exp,494,4082.3811597199997,Transportation
2020,exp,532,719.03306994,Environmental Protect Agency
2020,exp,557,1917.63322051,Il State Toll Highway Auth
2020,exp,904,2981.81766794,State Employee Healthcare
2020,exp,910,127.77356284999999,Legislative
2020,exp,920,621.55806346,Judicial
2020,exp,930,890.3148975800001,Elected Officers
2020,exp,941,1488.53139883,Public Safety
2020,exp,944,196.05752354,Bus & Profession Regulation
2020,exp,945,22289.405404959998,Medicaid
2020,exp,946,311.20346082,Capital Improvement
2020,exp,948,2365.25574918,Other Departments
2020,exp,949,210.73415912000002,Other Boards & Commissions
2020,exp,959,16639.79886252,K-12 Education
2020,exp,960,4057.00036709,University Education
2020,exp,901,NA,State Pension Contribution
2020,exp,903,1947.22765114,Debt Service
2020,exp,970,6455.3859012,Local Govt Transfers
2021,exp,402,1143.76560432,Aging
2021,exp,406,69.48369715000001,Agriculture
2021,exp,416,1191.345937,Central Management
2021,exp,418,1303.11845608,Children And Family Services
2021,exp,420,1676.31878603,Commerce And Economic Opportunity
2021,exp,422,290.89005383999995,Natural Resources
2021,exp,426,1612.7887346,Corrections
2021,exp,427,327.40724113,Employment Security
2021,exp,444,6550.210349630001,Human Services
2021,exp,478,392.92628307,Family Services Net Medicaid
2021,exp,482,942.82283018,Public Health
2021,exp,492,1711.91366392,Revenue
2021,exp,494,5382.27846948,Transportation
2021,exp,532,674.75910349,Environmental Protect Agency
2021,exp,557,1963.23937193,Il State Toll Highway Auth
2021,exp,904,2881.4015127,State Employee Healthcare
2021,exp,910,134.04895806,Legislative
2021,exp,920,667.3604063,Judicial
2021,exp,930,953.3547350299999,Elected Officers
2021,exp,941,2008.17603857,Public Safety
2021,exp,944,204.8209231,Bus & Profession Regulation
2021,exp,945,26277.16957997,Medicaid
2021,exp,946,457.86952443,Capital Improvement
2021,exp,948,2671.2886559699996,Other Departments
2021,exp,949,247.90095024000001,Other Boards & Commissions
2021,exp,959,17744.57896652,K-12 Education
2021,exp,960,4202.44614998,University Education
2021,exp,901,NA,State Pension Contribution
2021,exp,903,2026.26050134,Debt Service
2021,exp,970,7178.371065359999,Local Govt Transfers
2022,exp,402,1174.49939729,Aging
2022,exp,406,92.15404734,Agriculture
2022,exp,416,1158.54710622,Central Management
2022,exp,418,1252.33055449,Children And Family Services
2022,exp,420,1391.12864775,Commerce And Economic Opportunity
2022,exp,422,291.64852007,Natural Resources
2022,exp,426,1502.11068704,Corrections
2022,exp,427,274.72413502,Employment Security
2022,exp,444,7276.78423488,Human Services
2022,exp,478,376.95945197,Family Services Net Medicaid
2022,exp,482,837.46956924,Public Health
2022,exp,492,1867.7226761599998,Revenue
2022,exp,494,4572.00877907,Transportation
2022,exp,532,653.44835274,Environmental Protect Agency
2022,exp,557,2101.83432449,Il State Toll Highway Auth
2022,exp,904,3005.2094902100002,State Employee Healthcare
2022,exp,910,155.57248163,Legislative
2022,exp,920,658.88734327,Judicial
2022,exp,930,986.66932074,Elected Officers
2022,exp,941,1721.34628033,Public Safety
2022,exp,944,218.97281990000002,Bus & Profession Regulation
2022,exp,945,28651.80652707,Medicaid
2022,exp,946,427.74632504000004,Capital Improvement
2022,exp,948,2653.4127551399997,Other Departments
2022,exp,949,245.36771126,Other Boards & Commissions
2022,exp,959,19496.6996582,K-12 Education
2022,exp,960,4367.45779532,University Education
2022,exp,901,300,State Pension Contribution
2022,exp,903,2009.4535459299998,Debt Service
2022,exp,970,10347.07955976,Local Govt Transfers
2023,exp,402,1380.07838216,Aging
2023,exp,406,91.58811336,Agriculture
2023,exp,416,1364.16771371,Central Management
2023,exp,418,1577.7599308699998,Children And Family Services
2023,exp,420,1498.4197034200001,Commerce And Economic Opportunity
2023,exp,422,322.03109955,Natural Resources
2023,exp,426,1704.2905444,Corrections
2023,exp,427,270.89516165000003,Employment Security
2023,exp,444,8829.550607610001,Human Services
2023,exp,478,427.35105201,Family Services Net Medicaid
2023,exp,482,767.32992385,Public Health
2023,exp,492,3113.0811492899998,Revenue
2023,exp,494,5294.9939433,Transportation
2023,exp,532,616.3407029499999,Environmental Protect Agency
2023,exp,557,1893.92975523,Il State Toll Highway Auth
2023,exp,904,3002.3629412,State Employee Healthcare
2023,exp,910,239.81482522,Legislative
2023,exp,920,753.9699354500001,Judicial
2023,exp,930,1065.29471561,Elected Officers
2023,exp,941,1741.6551063,Public Safety
2023,exp,944,231.83463486000002,Bus & Profession Regulation
2023,exp,945,32406.41271788,Medicaid
2023,exp,946,652.6195217000001,Capital Improvement
2023,exp,948,3425.13964304,Other Departments
2023,exp,949,327.65707205,Other Boards & Commissions
2023,exp,959,21054.235006490002,K-12 Education
2023,exp,960,4668.43918244,University Education
2023,exp,901,400,State Pension Contribution
2023,exp,903,1951.4366831900002,Debt Service
2023,exp,970,10901.30023769,Local Govt Transfers
2024,exp,402,1542.5475745899998,Aging
2024,exp,406,112.10196926,Agriculture
2024,exp,416,1397.043102,Central Management
2024,exp,418,1794.05932143,Children And Family Services
2024,exp,420,1610.6006553599998,Commerce And Economic Opportunity
2024,exp,422,381.71826274,Natural Resources
2024,exp,426,1828.03721297,Corrections
2024,exp,427,265.77943516,Employment Security
2024,exp,444,10466.751546610001,Human Services
2024,exp,478,463.68056482,Family Services Net Medicaid
2024,exp,482,730.8552468400001,Public Health
2024,exp,492,1385.56332126,Revenue
2024,exp,494,5913.430236720001,Transportation
2024,exp,532,881.17839088,Environmental Protect Agency
2024,exp,557,1976.80223428,Il State Toll Highway Auth
2024,exp,904,3162.77220997,State Employee Healthcare
2024,exp,910,244.32345252,Legislative
2024,exp,920,793.23080303,Judicial
2024,exp,930,1195.20235347,Elected Officers
2024,exp,941,2181.81672416,Public Safety
2024,exp,944,254.30576994999998,Bus & Profession Regulation
2024,exp,945,33440.83506686,Medicaid
2024,exp,946,829.1605043999999,Capital Improvement
2024,exp,948,3136.49627079,Other Departments
2024,exp,949,349.77865227999996,Other Boards & Commissions
2024,exp,959,21706.66184103,K-12 Education
2024,exp,960,5015.67565965,University Education
2024,exp,901,0,State Pension Contribution
2024,exp,903,2288.36071001,Debt Service
2024,exp,970,9655.795549550001,Local Govt Transfers
